Famous Spot,District,Nearby Hotels,Nearby Food Spots
Alappuzha (Alleppey),Alappuzha,Houseboat Stay Alleppey,Halais Restaurant
Marari Beach,Alappuzha,Marari Beach Resort,Café Coffee Day
Aluva,Ernakulam,Hotel Periyar Residency,Anna Rasa Restaurant
Cherai Beach,Ernakulam,Cherai Beach Resorts,Oceanos Restaurant
Kochi (Fort Kochi),Ernakulam,Brunton Boatyard,Kashi Art Café
Thattekad Bird Sanctuary,Ernakulam,Hornbill Camp,Cuckoo’s Nest Café
Anamudi Peak,Idukki,Camelot Resort,Silvertips Restaurant
Chinnar Wildlife Sanctuary,Idukki,Nature Walk Resort,Wild Flavors Café
Idukki Arch Dam,Idukki,Green Berg Resort,Green Apple Restaurant
Munnar,Idukki,Tea County Munnar,Rapsy Restaurant
Periyar Wildlife Sanctuary,Idukki,Sterling Thekkady,Spice Garden Restaurant
Thekkady,Idukki,Spice Village Resort,Grandma's Café
Vagamon,Idukki,Winter Vale Resort,Chillax Vagamon
Ezhimala Hills,Kannur,Navy Gate Guest House,Green Spice
Kannur (Payyambalam Beach),Kannur,Mascot Beach Resort,MVK Restaurant
Bekal Fort,Kasargod,Taj Bekal Resort,Nalanda Restaurant
Kollam (Ashtamudi Lake),Kollam,The Raviz Resort,All Spice Restaurant
Munroe Island,Kollam,Lake n River Resort,Sunset Resto Café
Kottayam (Thirunakkara Mahadeva Temple),Kottayam,Arcadia Hotel,Annapoorna Restaurant
Kumarakom,Kottayam,Aveda Kumarakom,Lime Tree
Beypore Port,Kozhikode,Hotel Marina Residency,Arabian Dine
Kappad Beach,Kozhikode,Renai Kappad Beach Resort,Little Coriander
Kozhikode Beach,Kozhikode,Gateway Hotel,Paragon Restaurant
Thusharagiri Falls,Kozhikode,Vythiri Village Resort,Tropical Restaurant
Nilambur (Teak Museum),Malappuram,Rose International Hotel,Spicy Hut
Ponnani (Biyyam Kayal),Malappuram,Rouba Residency,Coastal Cuisine
Palakkad (Malampuzha Dam),Palakkad,Tripenta Hotel,Nalanda Restaurant
Parambikulam Tiger Reserve,Palakkad,Parambikulam House Stay,Wild Food Shack
Silent Valley National Park,Palakkad,Wild Valley Nature Resort,Malabar Restaurant
Pathanamthitta (Aranmula),Pathanamthitta,Tamarind KTDC,Riverbank Restaurant
Kanyakumari (Nearby),Tamil Nadu,Sparsa Resort,The Curry Restaurant
Agasthyakoodam,Thiruvananthapuram,Agastyamala Eco-Lodge,Mountain Mist Café
Kovalam Beach,Thiruvananthapuram,The Leela Kovalam,German Bakery
Napier Museum,Thiruvananthapuram,Residency Tower Hotel,Supreme Upper Crust
Ponmudi Hills,Thiruvananthapuram,Golden Peak Hotel,Apsara Restaurant
Poovar Island,Thiruvananthapuram,Estuary Island Resort,Fish Tales
Thiruvananthapuram (Padmanabhaswamy Temple),Thiruvananthapuram,Hycinth Hotel,Villa Maya
Varkala Beach,Thiruvananthapuram,Hindustan Beach Retreat,Darjeeling Café
Veli Tourist Village,Thiruvananthapuram,Hotel Keys Select,Marina Park Restaurant
Athirappilly Falls,Thrissur,Rainforest Resort,Clans Resto Café
Guruvayur Temple,Thrissur,Krishna Inn,Nandini Vegetarian Restaurant
Thrissur (Vadakkumnathan Temple),Thrissur,Joys Palace,Hotel Bharath
Chembra Peak,Wayanad,Evolve Back Wayanad,Mint Flower
Edakkal Caves,Wayanad,Edakkal Hermitage,Wayanadan Thattukada
Kuruva Island,Wayanad,Jungle Retreat Wayanad,Frespresso Café
Meenmutty Waterfalls,Wayanad,Bamboo Creek Resort,Coffee Grove Restaurant
Wayanad,Wayanad,Vythiri Resort,Jubilee Restaurant
